{
    "Cold-Shock": {
        "std": 0.26378225765577834,
        "mean": 0.002890877755172411
    },
    "EEHEE": {
        "std": 0.2922043678629892,
        "mean": -0.027145019662382447
    },
    "EHEE": {
        "std": 0.22347080482567114,
        "mean": -0.012012471903550297
    },
    "HEEH": {
        "std": 0.2561705825534304,
        "mean": -0.04426586649330144
    },
    "HHH": {
        "std": 0.25211710744352184,
        "mean": -0.003977720930348258
    },
    "LysM": {
        "std": 0.2443655600609174,
        "mean": 0.003039709226606425
    },
    "PASTA": {
        "std": 0.293692742031583,
        "mean": -0.004283960751333334
    },
    "PDB": {
        "std": 0.3157663168869285,
        "mean": 0.008844216085542167
    },
    "SH3": {
        "std": 0.23720642157014665,
        "mean": 0.059773039433333335
    },
    "WW": {
        "std": 0.22909371999495678,
        "mean": -0.04703706567670683
    },
    "global": {
        "std": 0.2920136965406375,
        "mean": 0.002513121568938284
    }
}